id,providerId,firstName,lastName,fullName,dateOfBirth,nationality,gender,disciplines,metadata,height
1036027,79366611-97ae-46c0-b134-5ad2071c9623,Aleksandr,FEDOROV,Aleksandr FEDOROV,1994-09-06,RUS,M,['SW'],{},
1139272,4fc93585-25e8-4f22-b13d-361dcc82403d,Aleksandr,FEDOROVSKY,Aleksandr FEDOROVSKY,1959-04-17,URS,M,['SW'],{},
1083349,284da459-96ef-48c2-90f1-c4be3f555aa0,Igor,FEDOSEEV,Igor FEDOSEEV,,URS,M,['SW'],{},
1044347,29528baf-80a7-4aea-9d15-eb19eab57702,Yulia,FEDOSKINA,Yulia FEDOSKINA,,RUS,F,['SW'],{},
1223651,728fea07-a2ac-4c36-9095-a53495b2d6e9,Nikita,FEDOTOV,Nikita FEDOTOV,2004-08-27,KAZ,M,"['OW', 'SW']",{},
1163571,fbff9735-3396-4b2f-b2e3-4b9f4e4cbb28,Vadim,FEDOTOV,Vadim FEDOTOV,2003-06-21,CLB,M,['SW'],{},
1043016,7dbd8cd4-d5db-46a7-a278-8a992879afdd,Mariya,FEDOTOVA,Mariya FEDOTOVA,1999-04-06,KAZ,F,"['OW', 'SW']",{},
1010568,07338085-4e10-4e05-85c3-17b07dcb769a,Svetlana,FEDULOVA,Svetlana FEDULOVA,1984-03-17,RUS,F,['SW'],{},
1044381,c09bd5d7-1118-4af3-a0ed-0225f617edfa,Olexiy,FEDYNA,Olexiy FEDYNA,,UKR,M,['SW'],{},
1017408,f2e9322d-bd13-48c6-9bdc-aab538ca881f,Ryan,FEELEY,Ryan FEELEY,1991-10-12,USA,M,['SW'],{},
1061664,ff8ee36b-da2e-428b-8ff7-034e2637e1e1,Liwei,FEI,Liwei FEI,2003-03-12,CHN,M,['SW'],{},
1000140,278b5935-a9c2-4711-8ad1-d5bf8e79aa45,Jimmy,FEIGEN,Jimmy FEIGEN,1989-09-26,USA,M,['SW'],{},196.0
1154326,183e2d9b-d5f8-4f0d-beb8-1c9ec5d88c29,Peter,FEIL,Peter FEIL,1947-03-25,SWE,M,['SW'],{},
1215973,10212110-e8ef-444c-89c7-9f388ae367d1,Hana,FEJZULLAHU,Hana FEJZULLAHU,2004-11-08,KOS,F,['SW'],{},
1168083,260f5aac-20f1-48d9-82c6-71a354b65b58,Dora,FEKETE,Dora FEKETE,2001-05-07,HUN,F,['SW'],{},
1363549,175b3413-99f6-4894-81b1-579c6c271afc,Balint,FEKETE,Balint FEKETE,2005-08-08,CLB,M,['SW'],{},
1496380,9e5c4e87-99b4-42b6-adba-1348cd145af7,Samuel,FEKETE,Samuel FEKETE,2007-12-04,SVK,M,"['OW', 'SW']",{},
1040436,60adc6ea-3c08-44dd-941b-5827fe11f238,Mohamed Ali,FEKIRI,Mohamed Ali FEKIRI,1996-04-20,TUN,M,['SW'],{},
1051333,cb07d4c7-99bc-46de-8d63-0561db4df577,Girts,FELDBERGS,Girts FELDBERGS,1993-02-17,LAT,M,['SW'],{},
1040359,1278f85f-54a3-4e99-a53b-9997cc40c869,Mandy,FELDBINDER,Mandy FELDBINDER,1996-12-18,GER,F,['SW'],{},
1005571,67725a1d-f084-45ca-a21e-d4447003a965,Hendrik,FELDWEHR,Hendrik FELDWEHR,1986-08-18,GER,M,['SW'],{},192.0
1038376,f1761049-0858-4a45-b842-b63d6f679228,Raquel,FELGUEIRAS,Raquel FELGUEIRAS,1980-02-01,POR,F,['SW'],{},
1020068,c6d3eaf1-7fb2-40f4-b3c9-8730a503ea89,Beatrice,FELICI,Beatrice FELICI,2000-04-04,SMR,F,['SW'],{},171.0
1056909,6dd15508-cb37-4b2f-900d-37ab674528a6,Ronald,FELIPE,Ronald FELIPE,2001-07-11,DOM,M,['SW'],{},
1014601,599f255e-de5a-47f4-b89f-5781aab732c3,Eric,FELIX,Eric FELIX,,BRA,M,['SW'],{},
1048584,dfd9d3e4-ae97-46b9-af7b-6a23b2b92882,Delron,FELIX,Delron FELIX,2000-10-20,GRN,M,['SW'],{},
1014594,422ac190-4da2-4855-8554-925fdba68f96,Fernanda,FELIX,Fernanda FELIX,1992-01-01,BRA,F,['SW'],{},
1037115,9dfd6808-4b9d-4ecb-a813-7017aa6f93a6,Noemi,FELIZ,Noemi FELIZ,1988-09-27,ESP,F,['SW'],{},
1015652,c8a9303e-f3a1-4667-a051-88e8c4c73bb4,Joao,FELIZARDO,Joao FELIZARDO,1990-01-01,RSA,M,['SW'],{},
1150600,775244e5-ea93-426f-b4fd-2847219d667e,Laszlo,FELKAI,Laszlo FELKAI,1941-03-01,HUN,M,"['SW', 'WP']",{},
1014730,fe638207-1c15-40a0-82c2-076dcdda4a0c,Andrew,FELL,Andrew FELL,1987-01-01,RSA,M,['SW'],{},
1074687,ad81f185-a39c-4a90-8280-e01440dd6aa2,Roberta,FELOTTI,Roberta FELOTTI,1964-10-22,ITA,F,['SW'],{},
1756111,c798a37b-5fcb-4b66-a5f8-3909f28d764b,Stefan,FELSNER,Stefan FELSNER,1993-01-21,CLB,M,['SW'],{},
1090420,3f672d84-b2f2-4eb8-a8ca-3c9ec6ab0dcc,Jessica Christina,FELSNER,Jessica Christina FELSNER,1995-07-12,GER,F,['SW'],{},
1037944,68b0a15f-bff8-47d4-84fc-dfe58952523f,Thomas,FELTEN,Thomas FELTEN,,NED,M,['SW'],{},
1190344,52c3dfb0-4ee7-4156-bc72-704c39970682,Herman,FEN,Herman FEN,2002-12-06,UKR,M,['SW'],{},
1631237,33f72e8c-ab7d-4a62-899c-7598c11c19dd,J Asdad,FENELUS,J Asdad FENELUS,1996-10-17,HAI,M,['SW'],{},
1024173,fd55bafd-7b57-437b-acb4-fdb1d2093123,Ze,FENG,Ze FENG,1992-01-01,CLB,M,['SW'],{},
1047584,30fec8af-cff4-4d7e-8f86-c6ca3dde9727,Yongfu,FENG,Yongfu FENG,,CLB,M,['SW'],{},
1010672,cd0c80ed-033b-45fc-9f59-6bb2aae1fcfb,Zhimin,FENG,Zhimin FENG,1989-10-16,CHN,M,"['OW', 'SW']",{},
1064443,d90e04bd-6766-43c7-ae4d-88aff53f3d7a,Qiangbiao,FENG,Qiangbiao FENG,1965-03-20,CHN,M,['SW'],{},
1054029,d5fe6684-f25d-4497-ba0b-792e85420053,Min,FENG,Min FENG,,CHN,M,['SW'],{},
1023515,5299e479-e962-4ec0-ac67-a20d23efa1ff,Qinglu,FENG,Qinglu FENG,2001-01-01,CLB,F,['SW'],{},
1054033,afcaeb0d-b0e5-489d-b2f4-364ead600315,Cuiping,FENG,Cuiping FENG,,CLB,F,['SW'],{},
1143193,407921b2-ab6d-460d-8bd0-2f5a003b8348,Da-Wei,FENG,Da-Wei FENG,1965-12-06,CHN,M,['SW'],{},
1048810,15dcb978-bb9f-46c2-b0f5-428a3fda6dd7,Ru,FENG,Ru FENG,,CHN,F,['SW'],{},
1022239,84e44abf-d3f4-4475-967a-16f1db7a98b2,Qing He Jerome,FENG,Qing He Jerome FENG,1999-07-30,SGP,M,['SW'],{},
1023557,c09bc0c2-1f75-46ca-9670-0e702ecfd67c,Junyang,FENG,Junyang FENG,1998-12-29,CHN,F,['SW'],{},
1746691,c9bec9f4-7fd6-487c-877d-9848a0f5966a,Larry,FENI,Larry FENI,2005-12-12,UGA,M,['SW'],{},
1836264,d94d90a0-884f-44bb-af51-276adf17ad2a,Nec,FENK,Nec FENK,1993-07-03,USA,M,['SW'],{},
1048620,36fcb869-c1aa-4709-948c-028a36f36fb6,Bogodar,SZPAK,Bogodar SZPAK,,BRA,M,['SW'],{},
1164201,9c701113-a6b7-4c06-8a6c-676dbab043af,Ilia,SZRAJBMAN,Ilia SZRAJBMAN,1907-04-25,POL,M,['SW'],{},
1019663,23170ea2-85c3-40eb-a681-b6df041efc6d,Dominika,SZTANDERA,Dominika SZTANDERA,1997-01-19,POL,F,['SW'],{},174.0
1030178,2047891a-e9e5-436c-80ee-fbeae87ae7af,Dora,SZTANKOVICS,Dora SZTANKOVICS,1999-03-08,HUN,F,"['OW', 'SW']",{},
1007185,486b3b44-336c-41fa-b9cd-1b23316eaf8a,Anna,SZTANKOVICS,Anna SZTANKOVICS,1996-01-10,HUN,F,['SW'],{},177.0
1168181,aee991f9-bc52-42ad-aab6-62d2a6e6b5b3,Angyalka,SZTAZICS,Angyalka SZTAZICS,2003-02-16,CLB,F,['SW'],{},
1279685,8a19f196-6d9c-4cdf-9981-b17cc5cfeb10,Christian,SZTOLCMAN,Christian SZTOLCMAN,2000-02-12,POL,M,['SW'],{},
1050508,57ccb570-6195-42e4-a6ff-164a74a37c8e,Michal,SZUBA,Michal SZUBA,1993-04-15,POL,M,['SW'],{},
1835779,7315147e-97b0-45ad-8f7f-588e10055958,Szabuszteun,SZUBI,Szabuszteun SZUBI,1996-03-11,HUN,M,['SW'],{},
1216030,2e07b0c7-a325-48f8-aa69-02862fecfb2a,Adam Zoltan,SZUCS,Adam Zoltan SZUCS,2004-07-15,CLB,M,['SW'],{},
1038290,95d35902-a852-4e64-a9e5-eea58b6d7e1f,Tamas,SZUCS,Tamas SZUCS,1981-02-18,HUN,M,['SW'],{},
1020611,63f79339-de84-4eb1-bccd-c25426330544,Bence,SZUCSIK,Bence SZUCSIK,1998-06-24,HUN,M,['SW'],{},176.0
1060882,883cdb7b-136b-4879-a7a8-d45c0914ffdf,Rafal,SZUKALA,Rafal SZUKALA,1971-04-09,POL,M,['SW'],{},
1005304,1c8dc204-bbf1-4ba1-b447-529b70274fb8,Dawid,SZULICH,Dawid SZULICH,1990-05-19,POL,M,['SW'],{},194.0
1040410,bb12798d-a3f3-4db4-8177-40ac06cecf2d,Brent,SZURDOKI,Brent SZURDOKI,1996-09-18,RSA,M,['SW'],{},170.0
1168123,6a9a1e16-7883-4b1b-984e-62201992e137,Ivett,SZUROVCSJAK,Ivett SZUROVCSJAK,1998-09-15,HUN,F,['SW'],{},
1064206,fc29f4bd-2a94-4f1b-ac5b-8cb815e0917d,Boles Aw,SZUTER,Boles Aw SZUTER,,POL,M,['SW'],{},
1056501,0413e74c-2f82-4bd8-a55e-29b196aba8e1,Dawid,SZWEDZKI,Dawid SZWEDZKI,1994-04-18,POL,M,['SW'],{},
1050165,e976cfb9-2f42-4fa1-86b5-588e06f7744b,Ashley,SZYDEL,Ashley SZYDEL,1995-10-25,HON,F,['SW'],{},
1020636,6f190b2b-e2c5-4e43-8e4f-9dda11bf27ca,Andrew,SZYDEL,Andrew SZYDEL,1997-09-25,HON,M,['SW'],{},162.0
1050218,1dc6a6ef-6583-4571-9394-f7ae6deea1cb,Paulina,SZYDLO,Paulina SZYDLO,1992-02-26,POL,F,['SW'],{},
1608117,6a6f9596-4452-4dab-975b-631041ff87ed,Johann Hayman Quinton,SZYMANSKI,Johann Hayman Quinton SZYMANSKI,2005-04-10,AUS,M,['SW'],{},
1836287,dd78089a-b4ba-4bb1-94c1-4a2373d0b2e2,Tuletu,TA FLUN,Tuletu TA FLUN,1995-06-02,CIV,F,['SW'],{},
1397304,9a0fd253-1369-4dac-8dcb-bd04ff37f376,Marya,TABBARA,Marya TABBARA,2002-07-08,LBN,F,['SW'],{},
1010964,831263e2-d530-4735-97dc-6a3497de70d6,Eri,TABEI,Eri TABEI,1988-01-13,JPN,F,['SW'],{},
1043006,45a198b4-9451-44c6-be27-90140cdf8bfd,Zoltan,TABI,Zoltan TABI,2002-03-17,HUN,M,"['OW', 'SW']",{},
1039370,b8e91150-cfc3-4b05-9e2d-709d13471713,John,TABONE,John TABONE,1980-05-04,MLT,M,['SW'],{},
1224155,7e9bb68f-3216-45bd-b507-919e8523ecd4,Schastine,TABOR,Schastine TABOR,2005-02-18,DEN,F,['SW'],{},
1189604,bd365baf-b0e7-4930-8541-d79f134beba5,Kaito,TABUCHI,Kaito TABUCHI,2002-07-01,JPN,M,['SW'],{},
1038252,5a23ed01-14fe-425e-ae50-95d041ddb4aa,Susumu,TABUCHI,Susumu TABUCHI,1980-07-02,JPN,M,['SW'],{},
1038267,70ef784b-6df4-44b5-b82d-4308fae0ffcc,Pilin,TACHAKITTIRANAN,Pilin TACHAKITTIRANAN,1983-06-14,THA,F,['SW'],{},
1024948,bcbe4397-abfc-4c3c-a0da-80acee2bd2b3,Sana,TACHIBANA,Sana TACHIBANA,1998-01-27,JPN,F,['SW'],{},
1190994,e9688914-38dc-4490-95a0-77345cc7ac0e,Defne,TACYILDIZ,Defne TACYILDIZ,2003-02-05,TUR,F,['SW'],{},170.0
1008227,a2a37224-28bf-452f-b74a-59d3df5c5d1e,Kuninori,TADA,Kuninori TADA,1992-05-02,JPN,M,['SW'],{},
1011235,6a657ed2-ef58-44d2-989b-d1447cb3fd34,Stacey,TADD,Stacey TADD,1989-02-21,GBR,F,['SW'],{},
1098054,7c59b526-c186-4a32-9859-c98639f62034,Ginevra,TADDEUCCI,Ginevra TADDEUCCI,1997-05-03,ITA,F,"['OW', 'SW']",{},
1056529,03b1fef8-fbca-4942-9648-90f3e9221a50,Tina,TADIC,Tina TADIC,2003-01-08,BIH,F,['SW'],{},
1550740,51c64368-6e76-408d-8ec0-598a75a14804,Bertalan,TADITS,Bertalan TADITS,2008-01-13,CLB,M,['SW'],{},
1008287,f91043d9-2623-4bfc-9a26-fdb07f168544,Haruka,TADOKORO,Haruka TADOKORO,1990-10-06,JPN,F,['SW'],{},
1835892,8a400323-b704-44cf-b014-7f4ea7b1093c,Funny,TAEJINSULI,Funny TAEJINSULI,1996-02-06,FIN,F,['SW'],{},
1000267,4bc6d5f4-5a14-4dcb-8280-88e39eea8120,Joyce,TAFATATHA,Joyce TAFATATHA,1998-04-18,MAW,F,['SW'],{},
1020676,7e9aa634-c6b2-4217-8df3-420c5bfb22fb,Nigorahon,TAGANOVA,Nigorahon TAGANOVA,2000-02-18,TKM,F,['SW'],{},163.0
1074395,0bf90691-f7c0-4f6d-8038-1681c20ba0ba,Henrik,TAGESSON,Henrik TAGESSON,,SWE,M,['SW'],{},
1298404,e5f9c12b-b907-4c6f-b06c-34f67dbb5251,Maria,TAGILTCEVA,Maria TAGILTCEVA,2003-05-30,CLB,F,['SW'],{},
1050520,84615159-bffb-4e90-b4d7-32b5d9752e8f,David,TAGLIAFERRO,David TAGLIAFERRO,,VEN,M,['SW'],{},
1143305,8084233a-c811-427f-a764-6201e7182122,Carlotta,TAGNIN,Carlotta TAGNIN,1965-01-28,ITA,F,['SW'],{},
1010900,2be30042-fd8d-40b0-86b1-66c7f87e8105,Ryoya,TAGUCHI,Ryoya TAGUCHI,1986-11-02,JPN,M,['SW'],{},
1022671,3c14c470-393f-4194-96cc-b4e0382d0c14,Masashi,TAGUCHI,Masashi TAGUCHI,1996-09-04,JPN,M,['SW'],{},
1006659,fd6bef97-a356-49af-a95d-1602d2567f03,Naoki,TAGUCHI,Naoki TAGUCHI,1994-08-28,JPN,M,['SW'],{},
1112793,e6128ef4-9a22-4f6d-b700-0c5cf0e0dc79,Nobutaka,TAGUCHI,Nobutaka TAGUCHI,1951-06-18,JPN,M,['SW'],{},
1128641,ee68ac9c-e1b4-423d-b0cd-f55515689af7,Ross,MARTIN,Ross MARTIN,,GBR,M,['SW'],{},
1294431,35065de5-75ed-4164-88aa-4da52e7ab541,Tayla,MARTIN,Tayla MARTIN,1999-01-30,AUS,F,"['OW', 'SW']",{},
1600053,ea74a2a3-23f5-45ac-b91b-cfc69ecf0713,Noa,MARTIN,Noa MARTIN,2007-10-18,ESP,F,"['OW', 'SW']",{},
1190197,35464560-6924-4d6e-ad79-7c7f7d305332,Marcos,MARTIN BURGUILLO,Marcos MARTIN BURGUILLO,2002-01-11,ESP,M,['SW'],{},
1158998,c8e14222-fd32-4834-b695-751b2638bd08,Raul,MARTIN FERNANDEZ,Raul MARTIN FERNANDEZ,1941-07-03,CUB,M,['SW'],{},
1440182,f279591d-f325-401d-8c54-0116e5619371,Graham,MARTIN-DYE,Graham MARTIN-DYE,,GBR,M,['SW'],{},
1156462,8fda4c65-0c14-43c8-baf4-018c0d8c41ca,John,MARTIN-DYE,John MARTIN-DYE,1940-05-21,GBR,M,['SW'],{},
1161402,7c75eb3c-c9da-497a-b4b9-23ab66515a6a,Fernand,MARTINAUX,Fernand MARTINAUX,,FRA,M,['SW'],{},
1039337,a7a4faf3-c031-40f0-92ca-e99356d56786,Leah S,MARTINDALE,Leah S MARTINDALE,1978-06-27,BAR,F,['SW'],{},
1682413,d0a2ce90-d99a-4454-af93-be43eb5bfb67,Lorenzo,MARTINELLI,Lorenzo MARTINELLI,2004-06-25,CLB,M,['SW'],{},
1020424,1007129e-9555-4751-a0d8-1765e7ce0a05,Nicolo,MARTINENGHI,Nicolo MARTINENGHI,1999-08-01,ITA,M,['SW'],{},187.0
1282935,55b62a60-1d34-4ab6-86ee-547a567411c7,Alexan,MARTINENKO SPIESS,Alexan MARTINENKO SPIESS,,BRA,M,"['OW', 'SW']",{},
1124474,b387a279-5aaf-4512-8dec-fff35fe62bf1,Johanna,MARTINEZ,Johanna MARTINEZ,,FRA,F,['SW'],{},
1203406,68836d80-7d48-4ad7-aa29-21ec677cd2e1,Miguel,MARTINEZ,Miguel MARTINEZ,2000-11-10,ESP,M,['SW'],{},
1459221,6dd38574-e333-48c6-85e8-6a6e1dc498df,Danna,MARTINEZ,Danna MARTINEZ,2006-05-24,ECU,F,"['OW', 'SW']",{},
1512719,9b8e3cfe-0e18-4aba-9d03-9bfd7c7b7b5e,Ike,MARTINEZ,Ike MARTINEZ,2006-10-12,AUS,M,['SW'],{},
1050900,2935bff2-b6ec-40b1-a1c6-f594809f8911,Perla,MARTINEZ,Perla MARTINEZ,,HON,F,['SW'],{},
1209921,970cc831-fa45-4c0c-bf7b-fa9ef0613f9c,Alejandra,MARTINEZ,Alejandra MARTINEZ,2004-01-02,BOL,F,['SW'],{},
1019882,7bb52d7c-68b1-4009-b5f0-a9377abdc01d,Luis Carlos,MARTINEZ,Luis Carlos MARTINEZ,1995-12-11,GUA,M,['SW'],{},182.0
1050263,a606d540-b200-466c-b1e2-a4aad5fce72f,Alfredo,MARTINEZ,Alfredo MARTINEZ,1991-06-24,MEX,M,['SW'],{},
1158983,be1316a8-4bc3-4726-8dc0-b1a2ed7a5d2f,Sergio,MARTINEZ,Sergio MARTINEZ,,COL,M,['SW'],{},
1016595,268d87ad-4871-4bdd-acdb-b2a38e3f5604,Enzo,MARTINEZ,Enzo MARTINEZ,1994-08-15,URU,M,['SW'],{},190.0
1159005,cb547199-317a-4be6-9d96-80b55a16c463,Gilberto,MARTINEZ,Gilberto MARTINEZ,,COL,M,['SW'],{},
1155145,a3cb9ba2-24ec-444a-8f56-8d87e369acd9,Juan,MARTINEZ,Juan MARTINEZ,1946-09-25,ESP,M,['SW'],{},
1041960,45e388d4-2f49-4dba-ada6-8c6a2a0342b4,Gustavo Adolfo,MARTINEZ,Gustavo Adolfo MARTINEZ,,HON,M,['SW'],{},
1013941,1116b94e-8308-4ece-b179-13fcd488c33e,Imelda,MARTINEZ,Imelda MARTINEZ,1982-07-16,MEX,F,"['OW', 'SW']",{},
1056554,3092643b-3c57-40d3-b6d5-297121f99586,Alberto,MARTINEZ,Alberto MARTINEZ,1998-06-27,ESP,M,"['OW', 'SW']",{},
1020772,ab529b86-4a41-4581-9824-2d5cf74a43d5,Jose,MARTINEZ,Jose MARTINEZ,1997-06-03,MEX,M,['SW'],{},180.0
1312022,15cead90-9524-43bd-bd9a-4b4eb463d4a6,Gabriel,MARTINEZ,Gabriel MARTINEZ,2004-05-05,HON,M,['SW'],{},
1059918,ffa7b6f6-ad74-4453-aa35-4ec241d80bce,Jose,MARTINEZ,Jose MARTINEZ,,COL,M,['SW'],{},
1157925,95bf1339-1c54-4080-b95e-51dc5ee06534,Eulalia,MARTINEZ,Eulalia MARTINEZ,1939-04-22,MEX,F,['SW'],{},
1050353,7fd17b4e-89a7-4071-a321-2f2a87945a04,Rodrigo,MARTINEZ AGUILAR,Rodrigo MARTINEZ AGUILAR,1994-06-04,MEX,M,['SW'],{},
1025900,0a6f8014-05d3-4b8c-9385-f8824f597e8c,Raul Enrique,MARTINEZ COLOMER,Raul Enrique MARTINEZ COLOMER,1988-04-11,PUR,M,['SW'],{},
1039301,89e82d6d-ea6d-4d87-a261-4448a0b52c4f,German Elberto,MARTINEZ DÍAZ,German Elberto MARTINEZ DÍAZ,1979-06-05,COL,M,['SW'],{},
1161522,ee2a1d05-5f2c-4bb1-b88b-e10572cd4bab,Isidoro,MARTINEZ FERRY,Isidoro MARTINEZ FERRY,1925-01-17,ESP,M,['SW'],{},
1049000,ecf85662-68dc-4a75-8481-ddcd75559e4c,Jose Manuel,MARTINEZ GONZALEZ,Jose Manuel MARTINEZ GONZALEZ,,PAR,M,['SW'],{},
1338167,c8cea461-998a-406f-8a25-b63e09a2ae72,Angela,MARTINEZ GUILLEN,Angela MARTINEZ GUILLEN,2004-03-18,ESP,F,"['OW', 'SW']",{},
1154547,8ef15ce4-7c74-43af-9e41-cb173938e590,Jose,MARTINEZ NARANJO,Jose MARTINEZ NARANJO,1952-07-07,CUB,M,['SW'],{},
1599712,09a4d82f-95e6-41af-b3dd-bbe5b1199980,Pablo,MARTINEZ PALOP,Pablo MARTINEZ PALOP,2007-06-30,ESP,M,"['OW', 'SW']",{},
1017028,eab1ab0c-22f5-46b6-b4f6-9c4970496a8f,Aitor,MARTINEZ RODRIGUEZ,Aitor MARTINEZ RODRIGUEZ,1993-08-22,ESP,M,['SW'],{},183.0
1454649,581f87e5-44b5-4b21-bcb1-cbf54de1d6b0,Ivan,MARTINEZ SOTA,Ivan MARTINEZ SOTA,2005-06-16,ESP,M,['SW'],{},
1539504,9fb26597-1409-467e-9ab1-f25514711916,Arianis Yasmin,MARTINEZ TAMAYO,Arianis Yasmin MARTINEZ TAMAYO,2003-06-27,PAN,F,['SW'],{},
1050513,4e49c0cb-8c42-4cef-8c8c-33582806b6cd,Catia,MARTINHEIRA,Catia MARTINHEIRA,1995-09-26,POR,F,['SW'],{},
1007535,7cb081c3-99a4-43b8-8a90-26e4c8b4c8c1,Tereza,MARTINKOVA,Tereza MARTINKOVA,1992-11-23,CZE,F,['SW'],{},
1063641,783de0e1-2230-4513-a187-4d4216b70ca1,Angel,MARTINO,Angel MARTINO,1967-04-25,USA,F,['SW'],{},
1413581,18cd5b4b-f3ca-49a9-ad0a-4893ee37563b,Matej,MARTINOVIC,Matej MARTINOVIC,2006-09-08,SVK,M,['SW'],{},
1528846,5ce41956-7d91-4b01-abd1-d7be3a717917,Ivan,MARTINOVIC,Ivan MARTINOVIC,2001-03-26,SRB,M,"['SY', 'SW']",{},
1124987,e2c3454f-afeb-4d17-aa79-6c45c16039cb,Miki,MARTINOVIC,Miki MARTINOVIC,,CAN,M,['SW'],{},
1000741,c8df6ff8-1fd9-4aa3-a18a-b901aced4ce8,Henrique,MARTINS,Henrique MARTINS,1991-11-14,BRA,M,['SW'],{},
1012416,0e4d283f-7d31-4bcf-acb2-8065a0089613,Lucas,MARTINS,Lucas MARTINS,1990-06-25,BRA,M,['SW'],{},
1063782,aa5495d2-191c-4633-8949-ed4f0d8a39cc,Rui,BORGES,Rui BORGES,1967-06-04,POR,M,['SW'],{},
1014591,2eeb95c7-6c00-44e5-8c39-f107dd6803c7,Thalandra,BORGES,Thalandra BORGES,1989-04-29,BRA,F,['SW'],{},
1038541,f0382324-0fa6-41ae-9fad-8e5c74c95015,Luiz Gustavo,BORGES,Luiz Gustavo BORGES,1999-05-21,BRA,M,['SW'],{},199.0
1128249,11e08e5e-10e9-4a1a-901d-88f0c283ece3,Fabiano,BORGES,Fabiano BORGES,,BRA,M,['SW'],{},
1145521,275af821-5175-4047-9791-adb36521ad50,Valeri,BORGES FERNANDES,Valeri BORGES FERNANDES,,BRA,F,['SW'],{},
1038551,9a4c53c1-af2a-4c3d-aacd-7f68e16bfb81,Carlos Alberto,BORGES JAYME,Carlos Alberto BORGES JAYME,1980-06-13,BRA,M,['SW'],{},
1149857,b9693f0a-c522-46f8-93ed-9f59750c0d5b,Lars,BORGESEN,Lars BORGESEN,1954-03-06,DEN,M,['SW'],{},
1144729,457734d5-c965-4e43-bdd1-a43d7314d13e,Brenda Grace,BORGH,Brenda Grace BORGH,1960-10-27,USA,F,['SW'],{},
1046121,7207797e-c21c-45c3-99e7-7478a78bd13e,Cedric,BORGHESI,Cedric BORGHESI,,FRA,M,['SW'],{},
1117281,dbb74b23-7f25-4233-bb9e-b6f6bb10c79b,Alessandro,BORGIALLI,Alessandro BORGIALLI,,ITA,M,['SW'],{},
1149986,f3491788-e7b3-47d2-9eb5-eee2ad86c24f,Silvia Elisabeth,BORGINI,Silvia Elisabeth BORGINI,1957-10-22,ARG,F,['SW'],{},
1060802,170a9bb1-bff2-408a-9486-9fdc5af9327c,Ellen,BORGO,Ellen BORGO,,BRA,F,['SW'],{},
1138488,f6f24707-c40c-4613-aee5-d59a2f5cd511,Arne,BORGSTROM,Arne BORGSTROM,1959-01-19,NOR,M,['SW'],{},
1020867,d6a36d74-69ef-429e-9bcf-f549283fe969,Alessandro,BORI,Alessandro BORI,1997-02-05,ITA,M,['SW'],{},192.0
1156493,a52c5321-4f71-48e6-9736-0e0da1e53258,Francoise,BORIE,Francoise BORIE,1947-02-16,FRA,F,['SW'],{},
1012788,9f7e2dc7-b3f1-43b1-9486-3be54314ff9e,Niklas,BORIN,Niklas BORIN,1989-08-03,SWE,M,['SW'],{},
1138356,896f8505-10d5-4d2c-8cf9-a8b9c1c272a3,Olivier,BORIOS,Olivier BORIOS,1959-06-23,FRA,M,['SW'],{},
1035852,4502782e-a41e-409e-830f-e95f591726bf,Alexis,BORISAVLJEVIC,Alexis BORISAVLJEVIC,1997-05-02,BEL,M,['SW'],{},
1056690,4579345a-ad09-497e-bfb7-db1d4929e262,Valentin,BORISAVLJEVIC,Valentin BORISAVLJEVIC,1997-05-02,BEL,M,['SW'],{},
1039258,64ca8426-0680-4af1-bbb7-d09b9738f66e,Sergey,BORISENKO,Sergey BORISENKO,1971-05-28,KAZ,M,['SW'],{},
1160288,7c08bbd4-fc7a-4f86-ac86-ec7e57da6f31,Vladimir,BORISENKO,Vladimir BORISENKO,,URS,M,['SW'],{},
1083396,6e851645-9ec1-4a3d-9970-302b2aacfaba,Oleg,BORISENKO,Oleg BORISENKO,,URS,M,['SW'],{},
1012342,8aca1a64-5f7b-4abe-8862-18520db5e336,Ilya,BORISENKO,Ilya BORISENKO,1993-03-23,RUS,M,['SW'],{},
1080013,1ec9445a-48e1-485d-a159-e979691d9789,Aleksei,BORISLAVSKI,Aleksei BORISLAVSKI,1968-11-17,URS,M,['SW'],{},
1257020,c72bb357-41a8-4f70-9b41-4a3015246f78,Nikita,BORISOV,Nikita BORISOV,1997-06-06,CLB,M,['SW'],{},
1035970,68afe547-bca4-4fbe-b091-9ceba4a96361,Vitalij,BORISOV,Vitalij BORISOV,1990-09-01,RUS,M,['SW'],{},
1160182,274b556a-2d84-4bfb-b250-5fbe34d08b58,Cesar,BORJA,Cesar BORJA,,MEX,M,['SW'],{},
1144987,cf384b45-955f-4260-a0f2-de0381ae6aa4,Edwin,BORJA,Edwin BORJA,1958-07-06,PHI,M,['SW'],{},
1047658,fa78ffa3-adfc-4585-85ba-a6dfe7ba9c69,Simon,BORJESON,Simon BORJESON,,SWE,M,['SW'],{},
1044213,8c4ff793-be38-4712-83b4-653b40017ae3,Ida,BORJESSON,Ida BORJESSON,,SWE,F,['SW'],{},
1047993,8688d97b-5de5-4498-bedb-eb13859eb24d,Jacek,BORKOWSKI,Jacek BORKOWSKI,,POL,M,['SW'],{},
1122599,c02d90fd-8210-4bf8-99a1-11c42e75c749,Diana,BORLAND,Diana BORLAND,,GBR,F,['SW'],{},
1154693,e1abd5c9-7060-40e0-b4e1-b4ce5fd4f663,Matyas,BORLOI,Matyas BORLOI,1952-09-26,HUN,M,['SW'],{},
1144653,20946f62-27fd-4f0d-82d8-53cc9a45fdfc,Karin,BORMAN,Karin BORMAN,1954-05-22,FRG,F,['SW'],{},
1077613,c1962d7a-a609-406a-a070-7073cf11222e,Jim,BORN,Jim BORN,,USA,M,['SW'],{},
1079811,be487191-c9d3-4abc-be69-9f5b9808b2e1,Susanne,BORNIKE,Susanne BORNIKE,1968-08-13,GER,F,['SW'],{},
1038286,8be2ff6c-e3a6-4ae0-8e43-28bb1044a54f,Vered,BOROCHOVSKI,Vered BOROCHOVSKI,1984-08-27,ISR,F,['SW'],{},
1666705,6744ea3b-2871-421a-a6bb-6aa75dcfd3da,Mykhailo,BORODIANSKYI,Mykhailo BORODIANSKYI,2006-02-20,UKR,M,"['OW', 'SW']",{},
1068653,db291e0a-199b-4748-94da-7c4ab29cf613,Inga,BORODICH,Inga BORODICH,1979-05-30,BLR,F,['SW'],{},
1190836,c914f55a-ce8e-4277-a324-eac81facf2ab,Ilia,BORODIN,Ilia BORODIN,2003-02-14,CLB,M,['SW'],{},
1157963,ac8f2261-4a52-4300-8881-4debb28b190f,Katalin,BOROS,Katalin BOROS,1941-01-08,HUN,F,['SW'],{},
1005878,e61cec96-204a-4e53-86c2-74fab24fbb62,Ekaterina,BOROVIKOVA,Ekaterina BOROVIKOVA,1991-03-13,RUS,F,['SW'],{},
1484464,f910a3c2-c921-4c7e-a2a0-287035724c59,Denis,BOROVKA,Denis BOROVKA,2005-10-17,CZE,M,"['OW', 'SW']",{},
1190066,18031cb7-d552-4a2f-aa05-dd390dbc123a,Aleksandr,BOROVTSEV,Aleksandr BOROVTSEV,1998-02-24,RUS,M,['SW'],{},
1163557,d1c3a5be-4664-4f63-ac16-1b017e03e686,Alexander,BOROVTSOV,Alexander BOROVTSOV,1998-02-24,CLB,M,['SW'],{},
1020745,9fa29357-7c3a-4df6-9200-57f29f241059,Federico,BORREGO,Federico BORREGO,1997-06-03,MEX,M,['SW'],{},188.0
1330162,5a390add-e6d8-418b-b01e-44e5abc051cf,Paola,BORRELLI,Paola BORRELLI,2005-05-12,ITA,F,['SW'],{},161.0
1000301,514a5b3a-9e7b-40e3-957a-e7af465e6e2f,Maeform,BORRIELLO,Maeform BORRIELLO,1999-10-12,HON,F,['SW'],{},
1017789,cb196f5b-d46f-4017-8a17-bd26b2985652,Noel,BORSHI,Noel BORSHI,1996-02-13,ALB,F,['SW'],{},
1139364,932c4ffc-3191-4572-84e9-6ef20e8958c6,Lisa,BORSHOLT,Lisa BORSHOLT,1962-04-05,CAN,F,['SW'],{},
1267156,a48e1add-b08c-401a-bc59-282152f0fa2d,Yvonne,PREHN,Yvonne PREHN,2005-12-13,CLB,F,['SW'],{},
1053604,78e0b651-bda2-4db0-b481-04c7479cd9d2,Elena,PRELLE,Elena PRELLE,1979-09-24,ITA,F,['SW'],{},
1026628,29829af4-2e85-4f9d-a6a1-4c6b2cdde17b,Juan Rodolfo,PREM BIERE,Juan Rodolfo PREM BIERE,1993-04-20,GUA,M,"['OW', 'SW']",{},
1002073,d83c5984-434c-46db-a897-f87d4a3cd091,Josh,PRENOT,Josh PRENOT,1993-07-28,USA,M,['SW'],{},180.0
1427587,857d94c5-9e52-44cd-b7a8-e1200ae5424e,Adam,PREPOST,Adam PREPOST,2006-02-18,CLB,M,['SW'],{},
1000046,0d5a2a0a-8e03-4c4a-9971-56627da6b75b,Irene,PRESCOTT,Irene PRESCOTT,1994-06-21,TGA,F,['SW'],{},176.0
1144282,77303285-f3b5-48b0-bf6a-4dad80edd896,Yuri,PRESEKIN,Yuri PRESEKIN,1961-10-29,URS,M,['SW'],{},
1160308,89d154d8-3658-4513-998c-86409d122c7a,Endel,PRESS,Endel PRESS,1929-02-16,URS,M,['SW'],{},
1047627,9e00cdd7-da72-4718-910f-c2f14b37f51b,Stefano,PRESTINONI,Stefano PRESTINONI,,SWE,M,['SW'],{},
1128146,44f05753-18bb-4278-9cac-a7f44e687657,Steve,PRESTON,Steve PRESTON,,CAN,M,['SW'],{},
1047695,2c65ce2a-7bc7-4a60-af1b-2181714241c8,Julia,PRESTON,Julia PRESTON,,GBR,F,['SW'],{},
1001166,949563d8-8a21-484a-9c15-2481f5db4451,Reynier,PRETORIUS,Reynier PRETORIUS,1994-05-29,RSA,M,['SW'],{},180.0
1015671,faa263e5-b73d-4611-8853-c0eaca05b9ac,Nicholas,PRETORIUS,Nicholas PRETORIUS,1984-01-01,RSA,M,['SW'],{},
1724180,3765dc10-4226-4c9e-8a01-2bdf1fe96c15,Federica,PREVITALI,Federica PREVITALI,2005-08-16,ITA,F,"['OW', 'SW']",{},
1039379,bce46c54-9e20-4afb-8768-d43217043c74,Konstantin,PRIAHIN,Konstantin PRIAHIN,1973-02-11,KGZ,M,['SW'],{},
1223445,ab469e11-2267-48c0-915a-957887f55851,Jana,PRIBYLOVA,Jana PRIBYLOVA,2005-06-27,CZE,F,['SW'],{},
1024385,e7a8b42d-ac2f-4db1-96c3-bccd90a70a58,Aleksandr,PRIBYTOK,Aleksandr PRIBYTOK,1996-02-10,RUS,M,['SW'],{},
1038251,5a1766fc-4f7d-4e2d-8188-0c55a7f32403,Sarah,PRICE,Sarah PRICE,1979-04-19,GBR,F,['SW'],{},
1025358,cbb32c94-aed5-4635-bb55-69d9169ff249,Ekaterina,PRICE,Ekaterina PRICE,2001-01-09,GBR,F,['SW'],{},
1060859,9c23c683-3951-4de2-a462-7ac9e12b33ff,Keiko,PRICE,Keiko PRICE,,USA,F,['SW'],{},
1043733,d050ac81-a5eb-4623-a8c1-c0189de04a37,Ann-Helen,PRIDESIS,Ann-Helen PRIDESIS,1987-05-13,NOR,F,['SW'],{},
1139771,f66686d4-f50f-4806-90d3-6bcdcd7d59e1,Petra,PRIEMER,Petra PRIEMER,1961-02-06,GDR,F,['SW'],{},
1207064,9ea0b6c6-e315-47f4-bd45-caff36fabd14,Oskar,PRIESEMANN,Oskar PRIESEMANN,2004-04-27,CLB,M,['SW'],{},
1158843,20212bc0-be40-46ab-adfe-6f0a39344c25,Gladys,PRIESTLEY,Gladys PRIESTLEY,1938-06-17,CAN,F,['SW'],{},
1013706,83137840-672b-4ba6-98f7-aa8a32a8a875,Riccardo,PRIETZSCH,Riccardo PRIETZSCH,1990-01-01,GER,M,['SW'],{},
1160261,6579217e-af46-4fe1-b8cc-6de833258077,Eduardo,PRIGGIONE,Eduardo PRIGGIONE,1934-03-23,URU,M,['SW'],{},
1064301,462db5f5-3c57-481e-bc18-3b5b51f9599b,Gennady,PRIGODA,Gennady PRIGODA,1965-05-01,RUS,M,['SW'],{},
1000100,1c076085-c3ab-4304-ad52-4bbb74ed449a,Kirill,PRIGODA,Kirill PRIGODA,1995-12-29,RUS,M,['SW'],{},193.0
1149799,a3226b6a-7811-4f27-b195-8c94ab3a7ef0,Peter,PRIJDEKKER,Peter PRIJDEKKER,1948-06-22,NED,M,['SW'],{},
1003721,4df0b742-b1e0-463d-aceb-eb7954e2fbbe,Irina,PRIKHODKO,Irina PRIKHODKO,1998-11-29,RUS,F,['SW'],{},
1026343,b2c92da8-1a5b-4c22-9b06-e025627ade3b,Anastasiya,PRILEPA,Anastasiya PRILEPA,1990-03-15,KAZ,F,['SW'],{},
1026131,620d9009-5102-45b1-a91c-d69f3a819aa8,Yuriy,PRILUKOV,Yuriy PRILUKOV,1984-06-14,RUS,M,['SW'],{},
1006412,8890aa87-c4ae-4922-bec5-ba401237297d,Bruna,PRIMATI,Bruna PRIMATI,1997-02-02,BRA,F,['SW'],{},
1149690,653fd2c8-3da5-4516-83b1-aef43c98120b,Barry Edward,PRIME,Barry Edward PRIME,1954-07-15,GBR,M,['SW'],{},
1637689,ff41bcd6-981a-4e8c-8067-d00b3a4869d3,Aynura,PRIMOVA,Aynura PRIMOVA,2006-09-02,TKM,F,['SW'],{},
1056036,b987b627-b3e9-4a00-9df7-1c52f46f0b08,Marcel,PRIMOZIC,Marcel PRIMOZIC,2000-05-07,SLO,M,['SW'],{},
1045506,10399fa5-192a-440c-b37f-0abc33f38a9f,Natalie,PRINCE,Natalie PRINCE,,GBR,F,['SW'],{},
1043832,5594d766-e33b-48ef-b137-032ed3b86316,Kresha,PRINSLOO,Kresha PRINSLOO,,RSA,F,['SW'],{},
1017592,56efb8c4-97a1-46af-b5b8-3bf8e5073a49,Karin,PRINSLOO,Karin PRINSLOO,1989-12-02,RSA,F,['SW'],{},183.0
1024612,d60fe22d-74a3-4d79-b10b-891cfba075df,Troyden,PRINSLOO,Troyden PRINSLOO,1985-11-16,RSA,M,"['OW', 'SW']",{},192.0
1836134,bb7e9890-3fe1-4ae9-b14b-624f4571f786,Banjumen,PRIOD,Banjumen PRIOD,1994-09-21,GBR,M,['SW'],{},
1164635,ae6457c8-8047-4605-880f-feb63fecd94b,Dorothy,PRIOR-SCHUTE,Dorothy PRIOR-SCHUTE,,CAN,F,['SW'],{},
1082962,6b4df92c-c656-4cfa-8963-8017851fb5fd,Agnese,PRIORE,Agnese PRIORE,,ITA,F,['SW'],{},
1664480,30c9157a-9400-4250-9710-62e253335294,Aissia Claudia,PRISECARIU,Aissia Claudia PRISECARIU,2008-04-15,ROU,F,['SW'],{},
1014928,197425f7-8cc6-4c55-8f74-489209d3f6dc,Evgenia,PRISHEP,Evgenia PRISHEP,1989-01-01,RUS,F,['SW'],{},
1202647,2591c6c3-40b7-4975-946b-48dc1538b9ca,Paolo,PRISKA,Paolo PRISKA,2004-09-15,ALB,M,['SW'],{},
1046278,5a084ae2-3218-48ac-9953-6c5fc27cc2f8,Anders,PRIVER,Anders PRIVER,,SWE,M,['SW'],{},
1202651,30a5d662-47ad-493c-92f8-fb2e02b038a4,Ivana,PRIZMIC,Ivana PRIZMIC,2002-05-22,CRO,F,"['OW', 'SW']",{},
1033295,e01fc47e-e3b9-4e42-a824-140f01a3ffdc,Carl,PROBERT,Carl PROBERT,1975-09-13,FIJ,M,"['OW', 'SW']",{},
1159330,f6d602ac-b9d8-4f5d-a3b7-7ccdd40aa730,Roman,PROCHAZKA,Roman PROCHAZKA,2001-03-23,CZE,M,['SW'],{},
1835933,94dda3ce-f1d1-4fe0-a3d1-9ed682190f41,Ribart,FENKA,Ribart FENKA,1999-11-06,USA,M,['SW'],{},
1014742,145a2390-cf57-402c-b3cc-d493ac877d8e,Michael,FENN,Michael FENN,1988-06-24,AUS,M,['SW'],{},
1640978,e7a8d6df-0137-4666-9cac-f38a7fa5c623,Rafael,FENTE--DAMERS,Rafael FENTE--DAMERS,2006-10-17,FRA,M,['SW'],{},
1016984,d2d4fe9b-2790-4669-891c-041b5d25dde4,Pablo,FEO MATO,Pablo FEO MATO,1995-07-14,AND,M,['SW'],{},
1157812,4451296b-8857-446a-b7e8-2ca986b8796b,Alberto,FEOCORAO,Alberto FEOCORAO,,VEN,M,['SW'],{},
1022482,d313efcf-6fd4-46d4-843e-b85f14002324,Kirill,FEOFILAKTOV,Kirill FEOFILAKTOV,1995-06-26,RUS,M,"['OW', 'SW']",{},
1156424,7a9722b9-aa10-46b9-ba84-5b2f207b839a,Ivan,FERAK,Ivan FERAK,1941-12-18,TCH,M,['SW'],{},
1037723,42b886fb-e54d-4da9-8f79-07168c311995,Natalie,FERDINAND,Natalie FERDINAND,1985-01-01,BAR,F,['SW'],{},
1040445,55c130e8-bd96-4de3-8d09-ba220df272fa,Johnnya Betty Tionne,FERDINAND,Johnnya Betty Tionne FERDINAND,1997-07-20,TTO,F,['SW'],{},
1038070,7ed9175b-214a-41e8-9ab2-c8d8c1ba201d,Erez,FEREN,Erez FEREN,,ISR,M,['SW'],{},
1128284,3ea59e94-041c-42b8-b1d3-c155a3f0a435,Katalin,FERENCZI,Katalin FERENCZI,,HUN,F,['SW'],{},
1039529,45d55dc2-48fe-405d-8f11-e30d4cfffe37,Orsolya,FERENCZY,Orsolya FERENCZY,1984-06-25,HUN,F,['SW'],{},
1039353,afda4d1b-1357-429e-af77-f5ba944a8a32,Steven,FERGUSON,Steven FERGUSON,1980-05-08,NZL,M,['SW'],{},
1156278,0f999966-5bf2-445d-be60-d7ee562ab21e,Cathy,FERGUSON,Cathy FERGUSON,1948-07-17,USA,F,['SW'],{},
1545184,1022b54c-4fcb-46f2-a8cf-65e9a16bb981,Zuri,FERGUSON,Zuri FERGUSON,2007-03-01,TTO,F,['SW'],{},
1013798,2a0b82b5-6366-44f3-b709-024c6054cb43,Sarah,FERGUSON,Sarah FERGUSON,1982-05-29,RSA,F,['SW'],{},
1020448,1aeb68bd-4113-4ac9-af6b-1b7513b852ce,Conor,FERGUSON,Conor FERGUSON,1999-10-11,IRL,M,['SW'],{},176.0
1079858,cebf9cff-14c5-42dd-94f5-6decb28d9cf1,Garvin,FERGUSON,Garvin FERGUSON,1968-03-11,BAH,M,['SW'],{},
1114543,ece1a92a-d3ca-456c-9624-a01d9e2113fb,Alanaise,FERGUSON,Alanaise FERGUSON,,CAN,F,['SW'],{},
1014164,99de3209-c9f3-417d-97b7-81233989e217,Naji,FERGUSON,Naji FERGUSON,1979-07-11,GRN,M,['SW'],{},
1050194,7cfc118f-856e-42c4-ac8f-9210fb6a894b,Shannen,FERGUSON,Shannen FERGUSON,,RSA,F,['SW'],{},
1015660,d9539f59-277e-4f04-b6a7-8a58b0327b47,Byron,FERGUSSON,Byron FERGUSSON,1986-01-01,RSA,M,['SW'],{},
1074578,787793c0-604e-41f4-8e87-32f9b8ebbae9,Patrick,FERLAND,Patrick FERLAND,1965-09-12,SUI,M,['SW'],{},
1746531,4020dbea-5607-4358-9730-96debe7db329,Amos,FERLEY,Amos FERLEY,2006-11-29,SEY,M,['SW'],{},
1154485,6dca7341-7c0d-4585-9b5e-2061ab8e5c34,Olle,FERM,Olle FERM,1947-03-08,SWE,M,['SW'],{},
1079454,2753a08c-2fa4-437e-8ee7-0aeef7ed3565,Vivaldo,FERNADES,Vivaldo FERNADES,1971-06-10,ANG,M,['SW'],{},
1230811,25a996f4-bd13-44be-a8fb-37094d89e8de,Tanya,FERNALD,Tanya FERNALD,2002-10-14,SUR,F,['SW'],{},
1020465,23814a5a-18e0-4f30-abde-7862ca33f4d6,N'nhyn Mhlln G,FERNANDER,N'nhyn Mhlln G FERNANDER,1998-07-28,BAH,M,['SW'],{},193.0
1058144,dec69947-c6ed-4eac-b261-79c0b0b34d30,Aaron John,FERNANDES,Aaron John FERNANDES,2000-12-22,IND,M,['SW'],{},
1049022,849a163e-b4ee-40b2-b8cd-67601e709e71,Richard,FERNANDES,Richard FERNANDES,,ANG,M,['SW'],{},
1074565,72b11188-8d28-4bda-9e3e-650c04c8e661,Jorge,FERNANDES,Jorge FERNANDES,1962-04-03,BRA,M,['SW'],{},
1001335,3b63e529-489c-40e7-a302-f7dc5fe0c421,Micah,FERNANDES,Micah FERNANDES,1998-01-29,KEN,M,['SW'],{},160.0
1025355,cb48cc62-afaa-43dc-b980-f34ca67549d2,Marco,FERNANDES,Marco FERNANDES,1997-08-18,CLB,M,['SW'],{},
1588114,ea8152f3-939b-41fc-b337-4b7ba6c685ac,N'hara,FERNANDES,N'hara FERNANDES,2006-10-16,ANG,F,['SW'],{},
1307232,bd294af2-696f-46f0-8d8f-5346a07f0025,Apeksha Delyla,FERNANDES,Apeksha Delyla FERNANDES,2005-04-09,IND,F,['SW'],{},
1012418,14cbe2d4-3dcd-4ba2-973a-2d23c81c1a9e,Luiza,FERNANDES,Luiza FERNANDES,1993-03-13,BRA,F,['SW'],{},
1079969,ff539f86-2d43-46c6-a23b-2e1ddcf8089b,Carla,FERNANDES,Carla FERNANDES,1973-12-31,ANG,F,['SW'],{},
1012491,9e528fac-e397-4eda-b83d-1d01ee2b280e,Tiago,FERNANDES,Tiago FERNANDES,1991-03-11,BRA,M,['SW'],{},
1048876,71113d23-d888-487f-b706-46fb8e6cef60,Ines,FERNANDES,Ines FERNANDES,1997-05-30,POR,F,['SW'],{},
1036584,19554d31-57d8-4b09-bfb4-43fd4d5e1878,Marcio Ivandro,FERNANDES,Marcio Ivandro FERNANDES,1998-03-30,ANG,M,['SW'],{},172.0
1156461,8fa6cc47-5953-4ff6-a92c-2b392f63f2ad,Mauri,FERNANDES FONSECA,Mauri FERNANDES FONSECA,1941-09-12,BRA,M,['SW'],{},
1074709,c07a184f-72df-4747-a45d-3065b78230d8,Judith,FERNANDEZ,Judith FERNANDEZ,,VEN,F,['SW'],{},
1138303,58076a8a-45db-419b-9864-386c5a027f95,Sergio,FERNANDEZ,Sergio FERNANDEZ,,COL,M,['SW'],{},
1063783,9831e758-19a7-42f8-9021-60a636f5f06b,Jaime,FERNANDEZ,Jaime FERNANDEZ,1968-09-17,ESP,M,['SW'],{},
1040428,f0b9077e-dce3-481f-87b3-a237e706039d,Olivia Aprilla,FERNANDEZ,Olivia Aprilla FERNANDEZ,1998-04-03,INA,F,['SW'],{},
1414907,fe259885-ce3e-4923-807c-d1eeb021a6d3,Maria Alejandra,FERNANDEZ,Maria Alejandra FERNANDEZ,2008-10-14,DOM,F,['SW'],{},
1038377,f1fb8709-e8ac-4c1d-ba19-eae92314d04b,Serrana,FERNANDEZ,Serrana FERNANDEZ,1973-11-13,URU,F,['SW'],{},
1040383,71dad2c6-1d03-4d70-b996-ef610cbd0013,Vanessa,FERNANDEZ,Vanessa FERNANDEZ,1998-01-30,VEN,F,['SW'],{},
1059848,5d9fc86d-7341-4b3b-a9af-db10772bae9f,Joaquin,FERNANDEZ,Joaquin FERNANDEZ,1971-01-22,ESP,M,['SW'],{},
1064444,76d70a92-9e48-44d6-a480-c685905de7da,Maria Luisa,FERNANDEZ,Maria Luisa FERNANDEZ,1969-04-01,ESP,F,['SW'],{},
1017242,776f0ef4-ad6b-4e44-825c-2bb34ca8b1e7,Mustafa,KACMAZ,Mustafa KACMAZ,1992-02-26,TUR,M,['SW'],{},
1149961,e5f79b6a-3009-4ed7-94d3-355a6a4e13f2,Agnes,KACZANDER-KISS,Agnes KACZANDER-KISS,1953-11-21,HUN,F,['SW'],{},
1593988,fe3ead90-bb75-4039-b57d-86e7c03a5852,Lilien,KACZKO,Lilien KACZKO,2009-11-04,CLB,F,['SW'],{},
1039553,f37a2106-0360-4f71-b36d-ec13fb78d925,Marcin,KACZMAREK,Marcin KACZMAREK,1977-06-25,POL,M,['SW'],{},
1007568,b600ac4f-0514-407c-963f-f8c13539f387,Marcin,KACZMARSKI,Marcin KACZMARSKI,1994-03-09,POL,M,['SW'],{},
1245191,55e38a88-f4ec-43aa-aa34-9fbed024de21,Jakub,KACZOROWSKI,Jakub KACZOROWSKI,1997-05-18,POL,M,['SW'],{},
1160234,51346707-9b90-4f42-850c-e773e968b5ba,Geza,KADAS,Geza KADAS,1926-08-07,HUN,M,['SW'],{},
1043804,8addb17d-82e1-49cc-bfc2-7a8f69a7fd1e,Bahij,KADDOURA,Bahij KADDOURA,,ZAM,M,['SW'],{},
1157833,51c50601-f410-4dfb-a03b-dcb465d8fc5d,Marta,KADELKOVA,Marta KADELKOVA,1944-07-20,TCH,F,['SW'],{},
1160384,c24ab7cd-4031-44db-8f07-20726cb6bb7f,Dorri Abdel,KADER,Dorri Abdel KADER,,EGY,M,['SW'],{},
1001256,6fd35160-5539-4f12-8dd1-7fd5b4e6157e,Abdulmajid Ahmed Abdulmajid,KADERNANI,Abdulmajid Ahmed Abdulmajid KADERNANI,1995-04-30,KEN,M,['SW'],{},
1186196,37e2270f-8746-48e6-be6c-501bc7e860fc,Kledi,KADIU,Kledi KADIU,2003-10-28,ALB,M,['SW'],{},
1209690,cc482b49-8678-4404-8beb-a58f5b58264a,Grace,KADJE,Grace KADJE,2004-05-24,TOG,F,['SW'],{},
1010287,17d564d3-dff5-46e1-b4a2-fc5ec1c5935b,Michaela,KADLECOVA,Michaela KADLECOVA,,CZE,F,['SW'],{},
1035740,1f729e7e-eb9c-4361-8ddc-ab2222e843d4,Eugene,KADO,Eugene KADO,1999-02-02,FIJ,M,['SW'],{},180.0
1140644,bd094f24-016b-42aa-9aa3-a01cc93b9537,Vasiliki,KADOGLU,Vasiliki KADOGLU,2003-04-10,BUL,F,"['OW', 'SW']",{},
1036261,c9d39a20-0413-4d94-83b2-3deac56217a4,Georgiya,KADOGLU,Georgiya KADOGLU,1998-11-09,BUL,F,['SW'],{},
1059393,d4c84a4f-f1bc-4ab7-aac6-d27b67079f3a,Natsuko,KADOKAWA,Natsuko KADOKAWA,,JPN,F,['SW'],{},
1156546,c74d4d53-0d65-4cb4-ab0d-7e4664f23193,Yoshinori,KADONAGA,Yoshinori KADONAGA,1947-01-07,JPN,M,['SW'],{},
1163390,b64b43c7-c931-4215-8c49-8cc6bd7efbe4,Mahmoud,KADRI,Mahmoud KADRI,1917-10-08,EGY,M,['SW'],{},
1169004,683cb405-093e-40dd-bec9-0059c9861035,Dion,KADRIU,Dion KADRIU,2001-10-05,KOS,M,['SW'],{},
1015871,e2b21eeb-ee74-4ebc-bba0-bb924e80eaf2,Jevgeni,KAEV,Jevgeni KAEV,1988-01-01,EST,M,['SW'],{},
1037491,5560ccd2-aae0-4326-9e56-9a790eb87733,Wenika,KAEWCHAIWONG,Wenika KAEWCHAIWONG,1990-03-21,THA,F,['SW'],{},
1358965,ca000bd2-39c3-4010-aeaa-c5c6830083d0,Dulyawat,KAEWSRIYONG,Dulyawat KAEWSRIYONG,2002-08-13,THA,M,['SW'],{},
1019648,1a92693d-d263-4508-815a-b4dd1dde8487,Liza,KAFACK,Liza KAFACK,1999-08-06,CMR,F,['SW'],{},168.0
1006368,7663d44d-4a22-41c2-8625-9ba493848eea,Takuya,KAGAMI,Takuya KAGAMI,1992-09-30,JPN,M,['SW'],{},
1169259,2444cd06-d722-45b9-8fab-4df8bd98a031,Ayaka,KAGIMOTO,Ayaka KAGIMOTO,2004-05-29,JPN,F,['SW'],{},
1006201,2dcb6142-d6da-49b1-81bf-d353066eeef3,Haruna,KAGIYA,Haruna KAGIYA,1994-03-18,JPN,F,['SW'],{},
1165826,da27b1b5-0de0-4926-b902-9c3ea9e76a0a,Duke,KAHANAMOKU,Duke KAHANAMOKU,1890-08-24,USA,M,['SW'],{},
1165754,4d985f5c-c6ce-455f-a663-a9e92e85d09a,Samuel,KAHANAMOKU,Samuel KAHANAMOKU,1902-11-04,USA,M,['SW'],{},
1211849,331781f1-d2d7-464d-9404-b0c8d157aa99,Rihards,KAHANOVICS,Rihards KAHANOVICS,2002-02-12,LAT,M,['SW'],{},
1160405,d170d1d8-7b19-48e4-9c7f-1db7c4b7481e,Aulis Kalevi,KAHKONEN,Aulis Kalevi KAHKONEN,1930-12-10,FIN,M,['SW'],{},
1012116,41f3ed29-fe8c-45d8-bc83-511c4e1331f5,Sabrina,KAHL,Sabrina KAHL,,GER,F,['SW'],{},
1190259,426898c4-6913-45e3-8b29-0d3eaa3b7719,Linus,KAHL,Linus KAHL,2001-05-17,SWE,M,['SW'],{},
1044298,9508a7af-67be-4fe3-9105-6686ab5600ed,Alexander,KAHL,Alexander KAHL,,GER,M,['SW'],{},
1140358,f18e06c5-b635-4a9d-89d5-d0a8f4a8b1e2,Sabine,KAHLE,Sabine KAHLE,1959-06-25,GDR,F,['SW'],{},
1056925,a9814a55-37b6-44c3-a27a-96ec86454006,Marlene,KAHLER,Marlene KAHLER,2001-05-15,AUT,F,['SW'],{},
1044222,a3992c1d-cfd6-4e07-9005-49889e0a71c8,Mattias,KAHLIN,Mattias KAHLIN,1987-09-06,SWE,M,['SW'],{},
1050683,32fe276d-b983-4bbf-8e5b-5e96014c4638,Kousuke,KAI,Kousuke KAI,1994-01-13,JPN,M,['SW'],{},
1059394,95fb7663-040d-4fdd-84ef-6a3ff87f5685,Narumi,KAI,Narumi KAI,1989-11-23,JPN,F,['SW'],{},
1318534,d6691f76-fe6c-4d47-b213-aa02ab190320,Muynin,KAING,Muynin KAING,2006-10-12,CAM,F,['SW'],{},
1303081,052034df-e5a6-42a5-8946-cca397b06688,Dominik,KAISER,Dominik KAISER,2007-05-03,HUN,M,"['OW', 'SW']",{},
1023996,772a5110-b614-473b-ad56-dac4e6cc32ef,Clemens,KAISER,Clemens KAISER,1993-01-01,CLB,M,['SW'],{},
1082755,f0f2c654-4586-4312-946c-6a0594e917b9,Torsten,KAISER,Torsten KAISER,,GDR,M,['SW'],{},
1164955,49f53b41-562f-4c8a-9e45-c006b1b26dda,Roza,KAISEROWNA,Roza KAISEROWNA,1909-09-03,POL,F,['SW'],{},
1047033,8a9256c2-38ed-4732-ae85-bc4a3ab8b770,Alexander,KAISLER,Alexander KAISLER,,CLB,M,['SW'],{},
1295650,635d5efc-59ab-447a-a62e-b8610c33de3e,Dimitrios,KAITATZIS,Dimitrios KAITATZIS,2001-10-16,GRE,M,"['OW', 'SW']",{},175.0
1047002,88271990-4294-4222-a2cd-db9f8216735d,Maciej,KAJAK,Maciej KAJAK,,POL,M,['SW'],{},
1160321,92ac87be-7e2a-4763-b980-ffec50e4f922,Takayoshi,KAJIKAWA,Takayoshi KAJIKAWA,1934-03-10,JPN,M,['SW'],{},
1189499,a752fce5-38e5-4bde-8787-7a94f88fcdaf,Ichika,KAJIMOTO,Ichika KAJIMOTO,2004-03-07,JPN,F,"['OW', 'SW']",{},
1059956,f4882d7d-ec10-4db2-9aa1-57694d2f5717,Zinaida,POZDER,Zinaida POZDER,,BIH,F,['SW'],{},
1059957,7d5161e5-c43b-4c46-8e6a-8ddc2e53ae8b,Svetlana,POZDEYEVA,Svetlana POZDEYEVA,1977-05-26,RUS,F,['SW'],{},
1122543,5a06cba9-44c7-4c76-9ae1-cde515e5b3a0,Pavel,POZNIAK,Pavel POZNIAK,,BLR,M,['SW'],{},
1010369,8775f3b8-8df0-4873-8387-c854e954177c,Andrew,POZNIKOFF,Andrew POZNIKOFF,1987-03-24,CAN,M,['SW'],{},
1157915,8ef5a2a4-c3a5-46a6-8776-a6bf4b9aeeba,Valentina,POZNYAK,Valentina POZNYAK,1936-11-03,URS,F,['SW'],{},
1168228,eb208f35-af9a-4812-82ff-fd4d13aef282,Alexa,POZSGAI,Alexa POZSGAI,2004-01-12,CLB,F,['SW'],{},
1303362,aaeff124-ad50-431d-93e0-4d869f534008,Mira,POZSGAI ALIZ,Mira POZSGAI ALIZ,2006-10-20,CLB,F,['SW'],{},
1511164,2651d1bf-67bb-4c65-a52f-aef03e67ff1f,Oliver,POZVAI,Oliver POZVAI,2005-06-26,CLB,M,['SW'],{},
1168243,fa672abc-f8aa-43a3-b8d6-f5205dae150c,Kiara,POZVAI,Kiara POZVAI,2002-04-02,HUN,F,['SW'],{},
1118773,f8f5b812-c003-4c7b-8ce9-1111cbc64e6a,Franco,POZZI,Franco POZZI,,ITA,M,['SW'],{},
1052708,7d8468af-ffa5-4756-a879-554f7ad05886,Barbara,POZZOBON,Barbara POZZOBON,1993-09-17,ITA,F,"['OW', 'SW']",{},
1000466,7d163fed-a17c-4e58-921f-f2651f56542c,Talasha Satish,PRABHU,Talasha Satish PRABHU,1993-05-01,IND,F,['SW'],{},168.0
1193113,774b862a-6d59-4a43-8260-e1b383cb4488,Viraj Ashish,PRABHU,Viraj Ashish PRABHU,1998-05-16,IND,M,['SW'],{},
1037456,b999d40c-ece3-4ab0-8fc6-b645b147d84d,Pannika,PRACHGOSIN,Pannika PRACHGOSIN,1989-04-21,THA,F,['SW'],{},
1044264,2204025d-2d7d-4676-8301-2b52111699a4,Franziska,PRADE,Franziska PRADE,,GER,F,['SW'],{},
1056950,6194e2a8-8ce5-4802-b196-9b4113f1b0fe,Andrea Feng,PRADES RODRIGUEZ,Andrea Feng PRADES RODRIGUEZ,2001-03-23,ESP,F,['SW'],{},
1038912,455bfddf-8764-4bc4-aab8-ae01825ff069,Runa,PRADHAN,Runa PRADHAN,1984-12-05,NEP,F,['SW'],{},
1074495,4e125c80-7ee5-4c17-8120-82c3f2d91cbc,Ricardo,PRADO,Ricardo PRADO,1965-01-03,BRA,M,['SW'],{},
1144944,b4cbebb4-fdd5-4743-ba64-f1670ac74b5a,Jose Luis,PRADO,Jose Luis PRADO,1956-11-12,MEX,M,['SW'],{},
1012437,3502e012-93d5-490a-9bfb-4b7f61090bf2,Diego,PRADO,Diego PRADO,1990-05-09,BRA,M,['SW'],{},
1144781,5e9799b0-5b04-44d0-8421-4fe05b644060,Adi,PRAG,Adi PRAG,1957-12-15,ISR,M,['SW'],{},
1017083,046baf50-8b0a-411d-aaa7-1f04cfafd771,Tory,PRAGASSA,Tory PRAGASSA,1996-10-14,KEN,M,['SW'],{},
1253115,0cab4021-ee25-4652-b915-605a354d9027,Tristan,PRAGNELL,Tristan PRAGNELL,2003-07-11,BAR,M,['SW'],{},
1000420,71e86568-c908-48c0-baf3-24ffb817ae40,Miraj,PRAJAPATI,Miraj PRAJAPATI,1996-06-12,NEP,M,['SW'],{},
1020065,c668791b-5cc0-431c-9027-c920406cd072,Sajan,PRAKASH,Sajan PRAKASH,1993-09-14,IND,M,['SW'],{},
1020523,3c8a5af5-b94e-4a14-819c-708e97833494,Anton,PRAKOPAU,Anton PRAKOPAU,1997-12-10,BLR,M,['SW'],{},187.0
1010500,6a7267f1-21e2-4a86-8833-20a43c18ca97,Babu,PRANAM,Babu PRANAM,,IND,M,['SW'],{},
1039473,f6bb65e7-968d-4088-a8f0-bcaf162b2460,Minpraphal,PRAPHALSAI,Minpraphal PRAPHALSAI,1978-01-07,THA,F,['SW'],{},
1083447,bf5ced7c-3641-4e5e-abc7-104b99b9c5a1,Elena,PRASLOVA,Elena PRASLOVA,,URS,F,['SW'],{},
1144087,a107dc51-2dc6-46f1-a22c-ac500f60eedd,Brigitte,PRASS,Brigitte PRASS,1963-06-23,ROU,F,['SW'],{},
1139212,216744ea-594d-48a1-9fdc-728f148269fc,Kun Hantiyo,PRASTIASTO,Kun Hantiyo PRASTIASTO,,INA,M,['SW'],{},
1051312,09d14e2a-9ba9-4ba7-9d1d-abfed50689c2,Madhu,PRATHAPAN NAIR SUDHA DEVI,Madhu PRATHAPAN NAIR SUDHA DEVI,1991-09-03,IND,M,['SW'],{},
1414379,c8ec82d5-6743-466e-80f2-609b3c7a2d05,Thomas,PRATSCH,Thomas PRATSCH,1988-03-08,CLB,M,['SW'],{},
1083635,c63c6e32-2bb1-4411-b0bc-ff8a0d947051,Jasen,PRATT,Jasen PRATT,,CAN,M,['SW'],{},
1005958,5fb709f3-1bd6-44ef-938c-f1465778234e,Mitchell,PRATT,Mitchell PRATT,1995-06-16,AUS,M,['SW'],{},
1056951,2f241c4d-0dfc-4bdc-bb10-72a78d9c574c,Alexander,PRATT,Alexander PRATT,2000-05-27,CAN,M,['SW'],{},
1159272,b9bdb241-f16e-4c37-be4f-93e7bc98d6c5,Cole,PRATT,Cole PRATT,2002-08-13,CAN,M,['SW'],{},
1163447,eb13f4f4-2236-48a7-84ff-a23726d046a6,Boris,PRAUNSPERGER,Boris PRAUNSPERGER,1907-11-19,YUG,M,['SW'],{},
1036411,fad3d764-d9a7-4b0a-ae9e-f8d4364efb90,Andrey,PRAVDIVTSEV,Andrey PRAVDIVTSEV,1996-08-26,UZB,M,['SW'],{},
1021429,47a45cbd-7708-426e-a3ae-e6234ac909f5,Aflah Fadlan,PRAWIRA,Aflah Fadlan PRAWIRA,1997-11-13,INA,M,"['OW', 'SW']",{},160.0
1063600,de0c0da3-5958-4f5a-901d-bc11afa94af4,Lara,PREACCO,Lara PREACCO,1971-05-10,SUI,F,['SW'],{},
1835539,423cd789-e4c6-43d4-8443-964cb2919c06,Ulaksundr,PREBYTIK,Ulaksundr PREBYTIK,1996-02-10,RUS,M,['SW'],{},
1202375,3daeaaa1-04f6-426a-8565-823fece6c6ed,Lena-Marie,PRECHT,Lena-Marie PRECHT,1997-12-12,CLB,F,['SW'],{},
1543302,ca62c6a9-7410-48b2-9da5-edbdbcc0f63d,Irina-Ana,PREDA,Irina-Ana PREDA,2007-12-09,ROU,F,['SW'],{},
1037150,3d225783-f524-46c5-b49f-316b808648f6,Valentin,PREDA,Valentin PREDA,1985-05-24,ROU,M,['SW'],{},196.0
1016005,2e3b98be-c469-450a-8be3-62c2022dcf94,Iwona,PREDECKA,Iwona PREDECKA,1989-10-20,POL,F,['SW'],{},
1116942,606149d6-790d-44be-94cd-a418ccf4b87f,Slawomir,PREDKI,Slawomir PREDKI,,POL,M,['SW'],{},
1065480,5111e999-b569-43bd-9e74-d46dfbd38591,Vladimir,PREDKIN,Vladimir PREDKIN,1969-05-31,RUS,M,['SW'],{},
1160178,2557f851-bd59-4ca5-9523-0bec891434e7,Lillian,PREECE,Lillian PREECE,1928-04-01,GBR,F,['SW'],{},
1835280,09c80fe9-1119-4719-bc10-c17e1505d95a,Kerell,PREGIDU,Kerell PREGIDU,1995-12-29,RUS,M,['SW'],{},
1039382,bddeca96-1063-4f6a-958e-cbee46073728,Javier,BOTELLO,Javier BOTELLO,1976-01-27,ESP,M,['SW'],{},
1041881,9ec583fe-7f46-40bc-bbc1-a8cf91d50561,Ginette,BOTENDE,Ginette BOTENDE,1980-01-29,CGO,F,['SW'],{},
1038204,263bbbbb-0c85-4d24-861e-48ae2dfd7ede,Eugene,BOTES,Eugene BOTES,1980-06-09,RSA,M,['SW'],{},
1158894,545f8ce8-74ee-4450-91f2-f6e0e642cbf6,Maria,BOTH,Maria BOTH,,ROU,F,['SW'],{},
1015619,6d15fee5-1f59-4d2e-973d-c6e93e8c4aa6,Hermanus,BOTHA,Hermanus BOTHA,1989-01-01,RSA,M,['SW'],{},
1043833,eccfbe1c-afbf-43b9-bc1e-5a7beda24273,Jarryd,BOTHA,Jarryd BOTHA,1985-03-10,RSA,M,['SW'],{},
1160194,30d0793b-50a8-4e29-8fd8-1c7f1b081a3e,Jean,BOTHAM,Jean BOTHAM,1935-02-12,GBR,F,['SW'],{},
1160957,b58aae1e-e739-4244-9f6f-7a51214af65e,Roy,BOTHAM,Roy BOTHAM,1923-04-19,GBR,M,['SW'],{},
1000777,d1578591-b11c-4d33-9f3b-0bccd5d21223,Marek,BOTIK,Marek BOTIK,1991-06-28,SVK,M,['SW'],{},184.0
1158135,2a087591-b0ee-423b-bb13-cd2397e6e938,Molly,BOTKIN,Molly BOTKIN,1943-08-26,USA,F,['SW'],{},
1060516,17d29e4b-1cc6-42c5-8654-f3ce29da5263,Beth,BOTSFORD,Beth BOTSFORD,1981-05-21,USA,F,['SW'],{},
1238613,f2c9eb3d-86a4-4da0-bee2-9a9e833001c3,Justin,BOTT,Justin BOTT,1998-06-30,CLB,M,['SW'],{},
1302396,292def8f-8335-4b95-af10-713e09f018ed,Anita,BOTTAZZO,Anita BOTTAZZO,2003-12-14,ITA,F,['SW'],{},
1042922,439c4e3c-3bf8-4e2c-9080-de464a4f6d4a,Lars,BOTTELIER,Lars BOTTELIER,1997-03-04,NED,M,"['OW', 'SW']",{},
1077655,e4235a5e-ae64-48b7-9305-11acc1a6eff5,Alberto,BOTTINI,Alberto BOTTINI,1967-02-07,SUI,M,['SW'],{},
1139184,0d067b2a-ac3f-41f0-9b73-40df36d1e7ca,Joe,BOTTOM,Joe BOTTOM,1955-04-18,USA,M,['SW'],{},
1082625,ec14abdc-4193-4a49-bd08-748ccad9578b,Hans-M,BOTZ,Hans-M BOTZ,,FRG,M,['SW'],{},
1047191,237f61cc-c40b-4da3-ade4-f082156f2818,Abdelmajid,BOUAJILA,Abdelmajid BOUAJILA,1999-02-02,CLB,M,['SW'],{},170.0
1040536,c80eae65-8825-45b7-8ac8-a8477c65565a,Maimouna,BOUBACAR BADIE,Maimouna BOUBACAR BADIE,1993-12-10,NIG,F,['SW'],{},
1138238,25307732-14c9-4320-b691-918e43e664ce,Sylvie,BOUBE,Sylvie BOUBE,,FRA,F,['SW'],{},
1163416,cd490dca-c91e-4b22-b1f3-c8404ca3d9ce,Eliska,BOUBELOVA,Eliska BOUBELOVA,1916-04-08,TCH,F,['SW'],{},
1044330,5e7907a4-0c0c-4bfe-af18-fc4a3596206a,Melanie,BOUCHARD,Melanie BOUCHARD,1982-05-24,CAN,F,['SW'],{},
1019929,90e8e47d-fe1d-4227-8b97-70c8058f37d9,Dominique,BOUCHARD,Dominique BOUCHARD,1991-05-29,CAN,F,['SW'],{},174.0
1019722,3aadbafc-77ee-4fc4-8a91-7a915ffe2724,Joris,BOUCHAUT,Joris BOUCHAUT,1995-06-27,FRA,M,"['OW', 'SW']",{},183.0
1079565,5a9680b2-3f20-4141-985c-3f0d0012eb0a,Renaud,BOUCHER,Renaud BOUCHER,1964-08-07,FRA,M,['SW'],{},
1074438,25c737d9-addb-4609-8c5a-d618b1cf458d,Samir,BOUCHLAGHEM,Samir BOUCHLAGHEM,,TUN,M,['SW'],{},
1083896,d844fef5-0d97-4315-9a26-605410ab939e,Carmen,BOUDREAU,Carmen BOUDREAU,,CAN,F,['SW'],{},
1013214,a6e9b954-97db-4847-8974-3db76b6144a7,Tanya,BOUFFE,Tanya BOUFFE,1991-01-01,RSA,F,['SW'],{},
1585099,ec039362-063f-4b24-b7de-a521b1264d8d,Amine,BOUGHATTAS,Amine BOUGHATTAS,2004-12-26,CLB,M,['SW'],{},
1146589,e3a9aa08-ecce-4cba-9958-a40ac34ef554,Alexandra,BOUGIE,Alexandra BOUGIE,1999-09-24,CAN,F,"['OW', 'SW']",{},
1050456,f660d66c-39f8-4668-b7d5-df4d768c7472,Sara,BOUKILI,Sara BOUKILI,1995-10-05,MAR,F,['SW'],{},
1663820,340e5e1f-ba6c-4647-b6c2-79e5d5c589b0,Maria,BOUKOUVALA,Maria BOUKOUVALA,2009-09-19,CLB,F,['SW'],{},
1638042,68749c41-059b-4420-8667-a73bc7d161b5,Zackariah,BOULAAJOUL,Zackariah BOULAAJOUL,2004-05-27,CLB,M,['SW'],{},
1048910,93630921-1de9-4d41-9be8-512e75e2f06b,Khalil,BOULAAMANE,Khalil BOULAAMANE,,MAR,M,['SW'],{},
1037966,86e3bf2b-59e5-4afc-b303-76e19ac1c3d1,Imane,BOULAAMANE,Imane BOULAAMANE,1989-01-27,MAR,F,['SW'],{},
1401276,74f0f52c-b512-41c2-806b-4659fa5b2f87,Jamila,BOULAKBECH,Jamila BOULAKBECH,2006-12-19,TUN,F,['SW'],{},170.0
1053858,7ccf15b5-8f32-418f-9ac6-bc0021f62fd1,Antoine,BOULANGER,Antoine BOULANGER,,FRA,M,['SW'],{},
1157757,1a1a616e-8479-40f3-a509-49c5d61d1972,Roland,BOULANGER,Roland BOULANGER,1939-01-11,FRA,M,['SW'],{},
1044492,11b3c171-be4b-4f9d-a0ee-40a2cb4b5263,Michel,BOULIANNE,Michel BOULIANNE,1978-08-07,CAN,M,['SW'],{},
1624720,1a672282-060d-475f-ac7b-0b788441477c,Eyaggelos,BOULOUKOS,Eyaggelos BOULOUKOS,2007-07-11,CLB,M,['SW'],{},
1037161,5fb29fd8-7b53-4dbc-b38e-1f989a0c6aad,Beatrix,BOULSEVICZ,Beatrix BOULSEVICZ,1987-02-15,HUN,F,['SW'],{},169.0
1000505,879c31ac-09f7-4cef-bb7a-4a3881611e4f,Jugurtha,BOUMALI,Jugurtha BOUMALI,1991-04-15,ALG,M,['SW'],{},
1037134,23162135-afc5-4049-a41e-464c4d3417a1,Stella,BOUMI,Stella BOUMI,1988-03-31,GRE,F,['SW'],{},172.0
1123571,4b9d72b6-de83-4203-99bc-a38babcd5bfb,Hernan,BOURBOTTE,Hernan BOURBOTTE,,ARG,M,['SW'],{},
1156648,0ffe0918-1135-4252-988a-497d2c4624e3,Alfredo,BOURDILLON,Alfredo BOURDILLON,1943-03-13,ARG,M,['SW'],{},
1069004,4997abc2-7e7c-4009-bc95-bc7c5e3f794a,Christophe,BOURDON,Christophe BOURDON,1970-03-13,FRA,M,['SW'],{},
1020129,dcbea109-94ce-4a7b-8dce-c67f305b7cda,Lorys,BOURELLY,Lorys BOURELLY,1992-05-27,FRA,M,['SW'],{},184.0
1038821,34fcac4c-8268-4312-b89d-ea43e087bffc,Carrie,BOURGOYNE,Carrie BOURGOYNE,1981-12-12,CAN,F,['SW'],{},
1000734,c54ae489-9965-401a-9f7c-72603e07b605,Ahmed,BOURHAN ALWAN,Ahmed BOURHAN ALWAN,1998-08-20,DJI,M,['SW'],{},175.0
1835555,44192c8c-d506-4b31-96d2-668b1f1305d9,Abremu Sirry,BOURI,Abremu Sirry BOURI,2000-09-16,GAM,M,['SW'],{},
1139522,ff4e392d-80e2-4047-af7d-5e7afde9a8a4,Natalia,MAS,Natalia MAS,1963-08-11,ESP,F,['SW'],{},
1209719,04cc971e-0e95-46c6-a91d-981e7b5da6ee,Diego,MAS FRAIZ,Diego MAS FRAIZ,2001-04-09,VEN,M,['SW'],{},
1060842,3eb8d37b-3639-456e-974e-1540720d02fb,Michael,MASANELLI,Michael MASANELLI,,FRA,M,['SW'],{},
1011762,8391fe2c-1990-42c0-9e67-78917f990a61,Nelson,MASANG,Nelson MASANG,1994-12-23,PLW,M,['SW'],{},
1026210,7e9eb742-3a17-4320-b157-35945f8af680,Doaa Reda,MASARWA,Doaa Reda MASARWA,1990-05-22,ISR,F,['SW'],{},
1154421,4cafba04-13c3-4359-b933-2afbd9d42a1f,Yacoub,MASBOUNGI,Yacoub MASBOUNGI,1948-05-10,LBN,M,['SW'],{},
1057323,d9719694-3360-4b9f-a431-9ca570dcebff,Henrique,MASCARENHAS,Henrique MASCARENHAS,2001-06-21,ANG,M,['SW'],{},
1209850,5b04764f-e7e7-455f-b485-26d2e7ec786d,Mateo,MASCARENO,Mateo MASCARENO,2003-04-05,PAR,M,['SW'],{},
1160149,0836831e-e41d-4a7f-adb4-74738ae5b832,Georg,MASCETTI,Georg MASCETTI,1930-04-09,SAA,M,['SW'],{},
1049959,3196c043-d293-40cb-be51-45af4a109aab,Niccolo,MASCHI,Niccolo MASCHI,1990-06-12,ITA,M,['SW'],{},
1057366,fae65dc0-47d0-44cd-9174-786cd6266b9b,Maria,MASCIOPINTO,Maria MASCIOPINTO,2002-03-06,ITA,F,['SW'],{},
1000238,43f127e1-fc40-4241-9713-b987b4e9862b,Noah,MASCOLL-GOMES,Noah MASCOLL-GOMES,1999-05-27,ANT,M,['SW'],{},172.0
1056935,43655cb5-1c6b-4458-b913-b4bad8bf81d5,Anna Chiara,MASCOLO,Anna Chiara MASCOLO,2001-06-05,ITA,F,['SW'],{},
1035898,559f9ea5-7c1c-4eb9-9353-711356365be1,Micah,MASEI,Micah MASEI,1999-03-22,ASA,M,['SW'],{},185.0
1016227,f090d8df-7ecb-49f5-a4e4-2a14e3b7d06f,Marcus,MASES,Marcus MASES,,SWE,M,['SW'],{},
1118735,94635b75-5039-44f3-a061-3774e8e1fde4,Eva,MASETTI,Eva MASETTI,,ITA,F,['SW'],{},
1020858,d12c2ede-d954-4ae0-a0ce-3ae2ac22a34d,Roaia,MASHALY,Roaia MASHALY,1998-04-01,EGY,F,['SW'],{},162.0
1013990,2cb95807-8e6a-477b-8bd7-63791f635bfc,Eriko,MASHIMA,Eriko MASHIMA,1983-01-01,JPN,F,['SW'],{},
1682258,e5ce887e-245d-4be8-8d37-0531caab2da3,Ema,MASIC,Ema MASIC,2005-11-24,CLB,F,['SW'],{},
1661244,bc9d4d54-42ed-45a9-b932-c5fd551432b3,Johari Mikisa,MASINDE,Johari Mikisa MASINDE,2007-06-16,KEN,M,['SW'],{},
1000620,a449fa48-5f21-4f63-8959-ac8867fe6c6b,Chiara,MASINI LUCCETTI,Chiara MASINI LUCCETTI,1993-03-26,ITA,F,['SW'],{},171.0
1245160,48a0fac7-52f8-4782-9129-9631d272b0f8,Ksawery,MASIUK,Ksawery MASIUK,2004-12-17,POL,M,['SW'],{},
1000397,6c02bd53-340c-482a-9c9c-5f9efc0feb38,Nikolajs,MASKALENKO,Nikolajs MASKALENKO,1993-02-11,LAT,M,['SW'],{},193.0
1020753,a30cc806-10eb-4b4e-8d71-5050848d301e,Ryan,MASKELYNE,Ryan MASKELYNE,1999-01-25,PNG,M,['SW'],{},179.0
1040933,58a2a097-f1a1-429a-b653-807efbc862a5,Ante,MASKOVIC,Ante MASKOVIC,1979-08-07,CRO,M,['SW'],{},
1005842,be288cbc-75cc-43bf-9004-eb33b6648bc6,Andrey,MASLOV,Andrey MASLOV,1995-08-09,RUS,M,['SW'],{},
1045638,674d2323-acc9-4f73-b7c2-78eefa4b4412,Aleksandra,MASLOVA,Aleksandra MASLOVA,2000-01-04,RUS,F,['SW'],{},
1043004,1a15a90a-1c2c-48bb-abea-ae651344c70c,Mohamed Malek,MASMOUDI,Mohamed Malek MASMOUDI,2000-01-17,TUN,M,"['OW', 'SW']",{},
1237950,42dac925-0465-47b8-9b51-87124b2f0056,Alaa,MASO,Alaa MASO,2000-01-01,EOR,M,['SW'],{},184.0
1042919,3abd9ea8-3792-4694-89f1-e68915df86f3,Gordon John,MASON,Gordon John MASON,1999-06-13,GBR,M,"['OW', 'SW']",{},
1139464,d303eea1-71ba-4d49-89b1-cc72e29312b6,Susan,MASON,Susan MASON,,CAN,F,['SW'],{},
1038078,8dae0833-29af-4294-8e86-d7744e70276a,Emily,MASON,Emily MASON,,USA,F,['SW'],{},
1000850,e29734f2-739b-46f9-b70e-6bcab133d1bc,Catherine,MASON,Catherine MASON,1996-09-30,TAN,F,['SW'],{},167.0
1047406,7c5cf2df-63fe-4879-b63e-a9835c57244b,Ryan,MASON,Ryan MASON,,CLB,M,['SW'],{},
1064353,397e241b-7a3d-41ae-83c9-00d20433b6b2,Michael,MASON,Michael MASON,1974-03-18,CAN,M,['SW'],{},
1543082,af21e0f2-a94d-4883-be7d-5bb7e382dcd2,Mohamad Eyad,MASOUD,Mohamad Eyad MASOUD,1995-01-10,ART,M,['SW'],{},
1042134,5782d393-76eb-4a6d-a3ad-dbaf687d89a0,Hisham,MASRI,Hisham MASRI,1973-02-27,SYR,M,"['OW', 'SW']",{},
1037739,4757bc84-7084-4073-bcb5-5d00766f71d5,Mhd Naeem,MASRI,Mhd Naeem MASRI,1986-01-18,SYR,M,"['OW', 'SW']",{},
1057117,3d70d5b7-903f-4ae1-9243-06a8d4a9fde5,Camila,MASS,Camila MASS,2001-01-20,HON,F,['SW'],{},160.0
1007576,c3a9cd29-37e5-4f4f-b1ad-6643c9470dfd,Jonathan,MASSACAND,Jonathan MASSACAND,1984-02-26,SUI,M,['SW'],{},
1023722,e2ab5f1c-454d-4030-b925-fe960642bffd,Dilin Shiva,MASSAND,Dilin Shiva MASSAND,1998-01-01,CLB,M,['SW'],{},
1047960,18fd2645-367a-4ca0-86a1-8fc2adc5542a,Fanny,MASSANET,Fanny MASSANET,,FRA,F,['SW'],{},
1041860,18ab0a6f-637d-4d96-9f9e-e321d301f49d,Veronica,MASSARI,Veronica MASSARI,1978-11-18,ITA,F,['SW'],{},
1160332,a03e8084-1576-482d-b585-64b05e73e321,Egidio,MASSARIA,Egidio MASSARIA,1925-09-02,ITA,M,['SW'],{},
1043468,b7343b0b-def2-4eb2-94ee-94fe0753adea,Kylie,MASSE,Kylie MASSE,1996-01-18,CAN,F,['SW'],{},
1026968,b1d3973c-5635-4d56-8a19-78c4dbbafed5,Nicolas,MASSE-SAVARD,Nicolas MASSE-SAVARD,1995-02-12,CAN,M,"['OW', 'SW']",{},
1356214,e3e4fdab-500d-42b1-905c-0c7213051625,Thea,MASSELINK,Thea MASSELINK,2004-10-13,CLB,F,['SW'],{},
1061009,b4a8e464-95ab-4653-ae60-3310d0128c53,Manon,MASSEURS,Manon MASSEURS,1974-04-29,NED,F,['SW'],{},
1118999,172477bc-7f49-49e8-a877-78dd7bc0f555,Sarah,MASSEY,Sarah MASSEY,,GBR,F,['SW'],{},
1017833,e84f0e68-dc0e-4a8b-b239-1155ba791233,Dominique,MASSIE-MARTEL,Dominique MASSIE-MARTEL,1990-08-04,CAN,M,['SW'],{},
1074444,2c6c1bd5-c9ae-4243-a831-cd01c3d76dba,,,,,TUR,M,['SW'],{},
1307409,ea73f88c-2e02-43c4-a0af-d2d84e7e5368,Tanish George Mathew,-,Tanish George Mathew -,2003-10-09,IND,M,['SW'],{},179.0
1666800,d3d25f7e-dbc7-4859-89a4-056cd3b9db44,Bangalore Mahesh Rithika,-,Bangalore Mahesh Rithika -,2007-06-25,IND,F,"['OW', 'SW']",{},
1028294,df3cdee9-42d7-4204-bbea-bac0fe6bdc06,Md Yaqoob Saleem,-,Md Yaqoob Saleem -,1998-03-11,IND,M,['SW'],{},148.0
1666771,b92df120-b865-4bf6-b90a-75f065afb078,Saba Suhana,-,Saba Suhana -,2008-08-07,IND,F,"['OW', 'SW']",{},
1210807,2899be03-030a-4116-9881-7d9ab81ef394,Evalotta Victoria,AABRAMS,Evalotta Victoria AABRAMS,2005-04-10,EST,F,"['OW', 'SW']",{},
1044546,f2beac3b-9f86-4e2b-a06d-7de6574ffa5a,Anna,AAGAARD,Anna AAGAARD,,DEN,F,['SW'],{},
1160243,56a63091-9817-4703-98a6-adafc3dd5134,Einari Ferdinand,AALTO,Einari Ferdinand AALTO,1926-05-27,FIN,M,['SW'],{},
1166191,edb8088f-8252-4256-8067-72b5accacaed,Oskari,AALTO,Oskari AALTO,2002-05-26,FIN,M,['SW'],{},
1020046,c17b8c43-31fd-4985-8ee2-70aa80dccd0e,Sami,AALTOMAA,Sami AALTOMAA,1992-08-07,FIN,M,['SW'],{},190.0
1165774,7a4bae77-7a8c-4d40-ae85-06357ec00ca4,Arvo,AALTONEN,Arvo AALTONEN,1889-12-02,FIN,M,['SW'],{},
1039404,cea84127-f046-467c-8db8-cf4599f97342,Stefan,AARTSEN,Stefan AARTSEN,1975-03-13,NED,M,['SW'],{},
1064513,ec14af46-cb1a-4bf8-85e3-2fff2933371b,Trude,AASBO,Trude AASBO,,NOR,F,['SW'],{},
1346003,f6c59cf3-ad67-490b-a0dc-7bb30eadbe05,Sofia,AASTEDT,Sofia AASTEDT,2003-11-13,SWE,F,['SW'],{},176.0
1588215,d05fbeb1-52e5-475e-bbfe-a34f0d83ebc8,Roxanna Helena Abena Adoma,ABABIO,Roxanna Helena Abena Adoma ABABIO,2007-05-01,GHA,F,['SW'],{},
1005724,4dde53f3-19d2-45aa-af7c-995268dc4ef6,Alexander,ABAKUMOV,Alexander ABAKUMOV,1992-05-10,RUS,M,['SW'],{},
1039503,599b7816-81a4-40ab-861c-1cf8dd720c01,Pablo Martin,ABAL,Pablo Martin ABAL,1977-03-19,ARG,M,['SW'],{},
1037694,d3ae6dec-8b9f-4c17-9f49-ae98fca2a19b,Yassir,ABALALLA,Yassir ABALALLA,1987-04-20,BOL,M,['SW'],{},
1168718,8766153d-d790-4a65-b97d-2be61d78562e,Karla,ABARCA,Karla ABARCA,2001-08-17,NCA,F,['SW'],{},
1040519,a86aa9d6-1cf2-4769-9e94-35c671bb507d,Alan Wladimir,ABARCA CORTES,Alan Wladimir ABARCA CORTES,1992-02-10,CHI,M,['SW'],{},
1020422,0fab67da-4bda-4492-b057-e32ae666a7d0,Bernardo,ABASCAL,Bernardo ABASCAL,1997-10-06,MEX,M,['SW'],{},183.0
1051230,31468532-9330-4b17-a74c-9693060230f2,Abobakr,ABASS,Abobakr ABASS,1998-11-01,SUD,M,['SW'],{},
1163231,0d80bbd6-7206-4f8f-b46b-5c65b3897450,Oszkar,ABAY-NEMES,Oszkar ABAY-NEMES,1913-09-22,HUN,M,['SW'],{},
1191907,9f279bdb-2bf8-4c47-89eb-6ce901733f1c,Zeeshan,ABBAS,Zeeshan ABBAS,2003-03-24,PAK,M,['SW'],{},
1026026,37d0dba4-0064-4ec5-8659-7eb437e31632,Nada,ABBAS,Nada ABBAS,1993-08-11,EGY,F,['SW'],{},
1139261,41f9490c-c511-41b0-aa2f-3e00380b6f9a,Mohamed,ABBAS,Mohamed ABBAS,,KUW,M,['SW'],{},
1444741,44350109-6d57-4b52-bee5-054a1928051a,Azhar,ABBAS,Azhar ABBAS,1999-01-28,PAK,M,['SW'],{},
1588738,b93bb7a0-8ab8-4ad4-a3cf-3c8f0232ebac,Omar,ABBAS,Omar ABBAS,1999-03-02,SYR,M,['SW'],{},
1038272,7937d743-f5c6-401a-8b68-c417db3af41a,Mohammed,ABBAS,Mohammed ABBAS,1978-02-28,IRQ,M,['SW'],{},
1585591,df0ed2b4-92a4-4f22-8c83-e9be1e44fa25,Een,ABBAS SHAREEF,Een ABBAS SHAREEF,2007-06-14,MDV,F,['SW'],{},
1022404,82b64f6b-2a6d-4710-95cc-9de0c384df52,Jassem,ABBAS TAHERI,Jassem ABBAS TAHERI,1999-06-25,UAE,M,['SW'],{},
1584828,e4951098-f548-403c-8bc6-8f707d275bd3,Homer,ABBASI,Homer ABBASI,2003-06-26,IRI,M,['SW'],{},
1026345,b31cff8d-4934-4789-9b27-684ce9b656d4,Tural,ABBASOV,Tural ABBASOV,1990-04-25,AZE,M,['SW'],{},
1048556,2537045f-f8cf-4c92-9cfe-fba12e0fe772,Omar,ABBASS,Omar ABBASS,1999-03-02,SYR,M,['SW'],{},178.0
1025180,04466ef6-4859-44ad-a06d-2284390b58aa,Kareemuddin,ABBASUDDIN,Kareemuddin ABBASUDDIN,1997-05-10,IND,M,['SW'],{},
1053880,942bbf8c-0ff8-43df-861d-b442c669c2c5,Matthieu,ABBATE,Matthieu ABBATE,,FRA,M,['SW'],{},
1043917,f3d47ad1-85a5-4956-acc7-7d6c0be0859e,Jessica,ABBOTT,Jessica ABBOTT,1985-06-22,AUS,F,['SW'],{},
1001651,529f45c0-eced-4661-b2f8-7a6335946b3f,Taylor,ABBOTT,Taylor ABBOTT,1998-06-03,USA,M,"['OW', 'SW']",{},
1014739,0ffcbf34-4a55-4bc9-ad62-ab6688b5eb58,Shaun,ABBOTT,Shaun ABBOTT,1990-02-05,AUS,M,['SW'],{},
1042142,23dfeebd-800c-4741-a06e-f953590fbc2a,Chloe,ABBOTT,Chloe ABBOTT,,AUS,F,"['OW', 'SW']",{},
1011619,4a852f50-238b-40cb-9ded-e2f0928216f7,Ahmed Ajwad,ABD ALKAREM,Ahmed Ajwad ABD ALKAREM,,IRQ,M,['SW'],{},
1001218,174c0704-c868-42dd-8fc3-d522fd3e55b4,Ibrahim,ABD ALRZAK,Ibrahim ABD ALRZAK,1999-01-01,UAE,M,['SW'],{},
1020553,492d9e60-e62c-4598-adfb-1a0b2565a582,Youssef,ABDALLA,Youssef ABDALLA,1998-03-16,EGY,M,['SW'],{},172.0
1026325,aaa824a2-14f7-43fe-955b-8fcb97d39848,Omar,ABDALLA,Omar ABDALLA,1987-11-03,TAN,M,['SW'],{},
1048998,b4d3498c-b3ec-42aa-8367-6105adf288e5,Issa,ABDALLA,Issa ABDALLA,,KEN,M,['SW'],{},
1588133,0b6ff992-0059-429e-b054-7d5593e635e2,Lojine,ABDALLA SALAH,Lojine ABDALLA SALAH,2004-11-23,EGY,F,['SW'],{},
1025053,4b88c33d-6e18-4087-8fc5-6fcbd2a93857,Abdelrahman Mohamed Adel,ABDALLAA,Abdelrahman Mohamed Adel ABDALLAA,1999-05-28,CLB,M,['SW'],{},
1079393,09da5509-8c32-4edb-8418-71abe643ea48,Ahmed,ABDALLAH,Ahmed ABDALLAH,1968-06-29,EGY,M,['SW'],{},
1168465,806d0730-f0d6-43a8-ac3f-bb090e87573e,Maria,ABDALLAH ATTOUMANI,Maria ABDALLAH ATTOUMANI,2001-09-18,COM,F,['SW'],{},
1031880,2bcfec2b-901d-44e0-b5c6-cd1700e33529,Aly,ABDEL KHALIK,Aly ABDEL KHALIK,1994-10-10,CAN,M,['SW'],{},183.0
